20,21,22,23,24,25,26,27,28,29,32,31,32,33,58,57,56,55,54,53,52,51,50,49,48,47,46,47,48,49,50,51,52,53,54,55,56,57,58,59,60,61,62,63,64,65,66,67,68,69,70,71,72,73,74,75,76,77,78,79,80,81,82,83,84,85,86,87,88,89,90,91,92,93,94,c,98,125,124,123,122,123,124,125,126,127,158,157,156,155,154,153,152,153,154,155,156,157,158,159,160,161,162,163,164,165,166,167,168,169,170,171,172,173,174,175,176,177,178,179,180,181,182,183,184,185,186,187,188,189,190,191,192,193,194,195,196,197,198,199,200,201,202,203,204,205,206,207,208,209,210,211,212,213,214,215,216,217,218,219,220,221,222,223,224,225,226,
19,20,21,22,23,24,25,26,27,28,31,30,31,32,33,34,57,36,37,38,51,50,49,48,47,46,45,46,47,48,49,50,51,52,53,54,55,56,57,60,59,60,61,62,63,64,67,68,69,68,69,72,73,74,75,76,77,78,79,80,81,82,83,84,85,86,87,88,89,90,91,92,93,94,95,96,97,98,99,100,121,122,123,124,125,126,127,128,155,154,153,152,151,152,153,154,155,156,157,158,159,160,161,162,163,164,165,166,167,168,169,170,171,172,173,174,175,176,177,178,179,180,181,182,183,184,185,188,187,188,189,190,191,192,193,194,195,196,197,198,199,200,201,202,203,204,205,206,207,208,209,210,211,212,213,214,215,216,217,218,219,220,221,222,223,224,225,
18,19,20,21,22,23,24,25,26,27,28,29,30,31,32,33,34,35,36,37,50,49,48,47,46,45,44,45,46,47,48,49,50,51,52,53,54,55,60,59,58,59,60,61,62,63,64,69,66,67,68,73,74,75,76,77,78,79,80,81,82,83,84,85,86,87,88,89,90,91,92,93,94,95,96,97,98,99,100,101,120,121,122,123,124,125,126,127,154,153,152,151,150,151,152,153,154,155,156,157,158,159,160,161,162,163,164,165,166,167,168,169,170,171,172,173,174,175,176,177,178,179,180,181,182,183,184,185,186,187,188,189,190,191,192,193,194,195,196,197,198,199,200,201,202,205,206,207,208,209,210,211,212,213,214,215,216,217,218,219,220,221,222,223,224,225,226,
17,18,19,20,21,22,23,24,25,26,27,28,29,30,31,32,33,34,35,50,49,48,47,46,45,44,43,44,45,46,47,48,49,50,51,52,53,54,55,56,57,58,59,60,61,62,63,64,65,66,75,74,75,76,77,78,79,80,81,82,83,84,85,86,87,88,89,90,91,92,93,94,95,96,97,98,99,100,101,102,119,120,121,122,123,124,125,126,153,152,151,150,149,150,151,152,153,154,155,156,157,158,159,160,161,162,163,164,165,166,167,168,169,170,171,172,173,174,175,176,177,178,179,180,181,182,183,184,185,186,187,188,189,190,191,192,193,194,195,196,197,198,199,200,201,202,207,208,209,210,211,212,213,214,215,216,217,218,219,220,221,222,223,224,225,226,227,
16,17,18,19,20,21,22,23,24,25,26,27,28,29,30,31,32,33,34,35,48,47,46,45,44,43,42,43,44,45,46,47,48,51,52,51,52,53,54,55,56,57,58,59,60,61,62,63,64,65,66,67,76,77,78,79,80,81,82,83,84,85,86,87,88,89,90,91,92,93,94,95,96,97,98,117,116,115,116,117,118,119,120,121,122,123,124,125,152,151,150,149,148,149,150,151,152,153,154,155,156,157,158,159,160,161,162,163,164,165,166,167,168,169,170,171,172,173,174,175,176,177,178,179,180,181,182,183,184,185,186,187,188,189,190,191,192,193,194,195,196,197,198,199,200,201,208,209,204,205,206,213,214,215,216,217,218,219,220,221,222,223,224,225,226,227,232,
15,16,17,18,19,20,21,22,23,24,25,26,27,28,29,30,31,32,33,34,35,46,45,44,43,42,41,42,43,46,47,46,47,52,49,50,51,52,53,54,55,56,57,58,59,60,61,62,63,64,65,66,67,68,69,80,81,82,83,84,85,86,87,88,89,94,91,92,93,94,99,96,97,98,99,100,115,114,115,116,117,118,119,120,121,122,123,124,151,150,149,148,147,148,149,150,151,152,153,154,155,156,157,158,159,160,161,162,163,164,165,166,167,168,169,170,171,172,173,174,175,176,177,178,179,180,181,182,183,184,185,186,187,188,189,190,191,192,193,194,195,196,197,198,199,200,201,202,203,204,205,206,215,216,217,218,219,220,221,222,223,224,225,226,227,228,231,
14,15,16,17,18,19,20,21,22,23,24,25,26,27,28,29,30,31,32,33,34,47,36,37,42,41,40,41,42,43,44,45,46,53,48,49,50,51,52,53,54,55,56,57,58,59,60,61,62,63,64,65,66,67,68,81,82,83,84,85,86,87,88,89,90,93,94,95,96,97,98,97,98,99,100,101,114,113,114,115,116,117,118,119,120,121,122,123,150,149,148,147,146,147,148,149,150,151,152,153,154,155,156,157,158,159,160,161,162,163,164,165,166,167,168,169,170,171,172,173,174,175,176,177,178,179,180,181,182,183,184,185,186,187,188,189,190,191,192,193,194,195,196,197,198,199,200,325,326,327,328,329,216,217,218,219,220,221,222,223,224,225,226,227,228,229,230,
13,14,15,16,17,18,19,20,21,22,23,24,25,26,27,28,29,30,31,32,33,34,35,36,41,40,39,40,41,42,43,44,45,46,47,48,49,50,51,52,53,54,55,56,c,c,c,60,61,c,c,c,67,68,69,70,71,72,73,86,87,88,89,90,91,92,93,94,95,96,97,98,99,100,101,102,103,112,113,114,115,116,117,118,119,120,121,122,123,124,125,126,145,146,147,148,149,150,151,152,153,154,155,156,157,158,159,160,161,162,163,164,165,166,167,168,169,170,171,172,175,176,177,178,179,180,181,182,183,184,185,186,187,188,189,190,191,192,193,194,195,196,197,320,321,322,323,324,325,326,327,328,329,218,219,220,221,222,223,224,225,226,227,228,229,230,231,
12,13,14,15,16,17,18,19,20,21,22,23,24,25,26,27,28,29,30,31,32,33,34,35,36,39,38,39,40,41,42,43,44,45,46,47,48,49,50,51,52,53,54,55,56,c,58,59,60,c,70,69,68,69,70,71,72,73,88,87,88,89,90,91,92,93,94,95,96,97,98,99,100,101,102,103,104,111,112,113,114,115,116,117,118,119,120,121,122,123,124,125,144,145,146,147,150,149,150,153,154,155,156,157,158,159,160,161,162,163,164,165,166,167,168,169,170,171,172,173,176,177,178,179,180,181,182,183,184,185,186,187,188,189,190,191,192,193,194,195,196,197,318,319,320,321,322,323,324,325,326,327,328,329,220,221,222,223,224,225,226,227,228,229,230,231,232,
11,12,13,14,15,16,17,18,19,20,21,22,23,24,25,26,27,28,29,30,31,32,33,34,35,36,37,38,39,40,41,42,43,44,45,46,47,48,49,50,51,52,53,54,55,56,57,58,111,72,71,70,69,70,71,72,73,74,89,88,89,90,91,92,93,94,95,96,97,98,99,100,101,102,103,110,109,110,111,112,113,114,115,116,117,118,119,120,121,122,123,144,143,144,145,146,147,148,149,154,155,156,157,158,159,160,161,162,163,164,165,166,167,168,169,170,171,172,173,174,177,178,179,180,181,182,183,184,185,186,187,188,189,190,191,192,311,312,313,314,315,316,317,318,319,320,321,414,415,416,417,328,329,330,221,222,223,224,225,226,227,228,229,230,231,232,233,
10,11,12,13,14,15,16,17,18,19,20,21,22,23,24,25,26,27,28,29,30,31,32,33,34,35,36,37,38,39,40,41,42,43,44,45,46,47,48,49,50,51,52,53,54,55,56,57,110,109,72,71,70,71,72,73,74,91,90,89,90,91,92,93,94,95,96,97,98,99,100,101,102,103,104,105,108,109,110,111,112,113,114,115,116,117,118,119,120,121,122,143,142,143,144,145,146,147,148,149,156,157,158,159,160,161,162,163,164,165,166,167,168,169,170,171,172,173,174,175,176,177,180,181,182,183,184,185,186,187,188,189,190,191,308,309,310,311,312,313,314,315,316,317,318,411,412,413,414,415,416,417,330,331,332,223,224,225,226,227,228,229,230,231,232,233,234,
9,10,11,12,13,14,15,16,17,18,19,20,21,22,23,24,25,26,27,28,29,30,31,32,33,34,35,36,37,38,39,40,41,42,43,44,45,46,47,48,49,50,51,52,53,54,55,110,109,108,107,108,71,72,73,74,75,76,91,90,91,92,93,94,95,96,97,98,99,100,101,102,103,104,105,106,107,108,109,110,111,112,113,114,115,116,117,118,119,120,121,122,141,142,143,144,145,146,147,148,157,158,159,160,161,162,163,164,165,166,167,168,169,170,171,172,173,174,175,176,177,178,179,180,181,184,185,186,187,188,189,190,191,306,307,308,309,310,311,312,313,314,315,408,409,410,411,412,413,414,415,416,331,332,333,224,225,226,227,228,229,234,233,232,233,234,235,
8,9,10,11,12,13,14,15,16,17,18,19,20,21,22,23,24,25,26,27,28,29,30,31,32,33,34,35,36,37,38,39,40,41,42,43,44,45,46,47,48,49,50,51,52,53,54,55,108,107,106,73,72,73,100,75,76,77,92,91,92,93,94,95,96,97,98,99,100,101,102,103,104,105,106,107,108,109,110,111,112,113,114,115,116,117,118,119,136,137,122,123,140,141,142,143,144,145,160,159,158,159,160,161,162,163,164,165,166,167,168,169,170,171,172,173,174,175,176,177,178,185,186,181,182,183,184,185,188,189,190,191,306,305,306,307,400,401,402,403,404,405,406,407,408,409,480,481,482,483,416,417,418,333,334,225,226,227,228,229,230,231,234,233,234,235,236,
7,8,9,10,11,12,13,14,15,16,17,18,19,20,21,22,23,24,25,26,27,28,29,30,31,32,33,34,35,36,37,38,39,40,41,42,43,44,45,46,47,48,49,50,51,52,53,54,107,106,105,74,73,74,99,98,77,78,93,92,93,94,95,96,97,98,99,100,101,102,103,104,105,106,107,108,109,110,111,112,113,114,115,116,117,118,119,120,135,136,137,138,139,140,141,142,143,144,161,160,159,160,161,162,163,164,165,166,167,168,169,170,171,172,173,174,175,176,177,178,183,184,185,186,183,184,185,186,187,188,191,192,305,304,305,400,399,400,401,402,403,404,405,406,407,478,479,480,481,482,483,418,419,334,335,336,227,228,229,230,231,232,235,234,235,236,237,
6,7,8,9,10,11,12,13,16,15,16,17,18,19,20,21,22,23,24,25,26,27,28,29,30,31,32,33,34,35,36,37,38,39,40,41,42,43,44,45,46,47,48,49,50,51,52,53,54,105,104,75,74,99,98,97,96,95,94,93,94,95,96,97,98,99,100,101,102,103,104,105,106,107,108,109,110,111,112,113,114,115,116,117,118,119,120,135,134,135,136,137,140,141,140,141,142,163,162,161,160,161,162,163,164,165,166,167,168,169,170,171,172,173,174,175,176,177,178,179,182,183,184,185,184,185,186,187,188,189,192,193,304,303,304,399,398,399,470,471,472,473,474,475,476,477,478,479,480,481,482,419,420,335,336,337,338,229,230,231,232,233,236,235,236,237,238,
5,6,7,8,9,10,11,12,13,14,15,16,17,18,19,20,21,22,23,24,25,26,27,28,29,30,31,32,33,34,35,36,37,38,39,40,41,42,43,44,45,46,47,48,c,c,c,54,105,104,103,102,101,100,99,98,97,96,95,94,95,96,97,98,99,100,101,102,103,104,105,106,107,108,109,110,111,112,113,114,115,116,117,118,119,120,121,134,133,134,135,136,137,138,139,140,141,164,163,162,161,162,163,164,165,166,167,168,169,170,171,172,173,174,175,176,177,178,179,180,181,182,183,184,185,186,187,188,195,194,193,194,303,302,303,398,397,398,469,470,471,472,473,474,475,476,x,x,y,482,483,420,421,422,337,338,339,230,231,232,233,234,235,236,237,238,239,
4,5,6,7,8,9,10,11,12,13,14,15,16,17,18,19,20,21,22,23,24,25,26,27,28,29,30,31,32,33,34,35,36,37,38,39,40,43,44,45,46,47,48,49,c,c,c,c,58,59,60,103,102,101,100,99,98,97,96,95,96,97,98,99,100,101,102,103,104,105,106,107,108,109,110,111,112,113,114,115,116,117,118,119,120,121,122,123,132,133,134,135,136,137,138,139,166,165,164,163,162,163,164,165,166,167,168,169,170,171,172,173,174,175,176,177,178,179,180,181,182,183,184,185,188,187,188,189,194,195,194,195,302,301,302,397,396,469,468,469,x,517,x,x,476,x,x,y,y,483,484,421,422,423,424,339,340,341,342,233,234,235,236,237,238,239,240,
3,4,5,6,7,8,9,10,11,12,13,14,15,16,17,18,19,20,21,22,23,24,25,26,27,28,29,30,31,32,33,34,35,36,37,38,39,40,45,46,47,48,49,50,c,c,c,c,57,58,c,60,61,102,101,100,99,98,97,96,97,98,99,100,101,102,103,104,107,106,107,108,109,110,111,112,113,114,115,116,117,118,119,120,121,122,123,124,131,132,133,134,135,136,137,138,139,140,141,164,163,164,165,166,167,168,169,170,171,172,173,174,175,176,177,178,179,180,181,182,183,184,185,186,187,188,189,190,193,194,195,196,301,300,301,396,395,468,467,468,517,516,517,x,x,x,x,y,y,484,485,422,423,424,425,426,341,342,343,344,235,236,237,238,239,240,241,
2,3,4,5,6,7,8,9,10,11,12,13,14,15,16,17,18,19,20,21,22,23,24,25,26,27,28,29,30,31,32,33,34,35,36,37,38,47,46,47,48,49,50,51,52,53,54,55,56,57,58,59,60,103,102,101,100,99,98,97,98,99,100,101,102,103,104,105,108,107,108,109,110,111,112,113,114,115,116,117,118,119,120,121,122,127,124,129,130,131,132,133,134,135,136,137,138,139,140,165,164,165,166,167,168,169,170,171,172,173,174,175,176,177,178,179,180,181,182,183,184,185,186,187,188,189,190,191,192,193,194,195,300,299,300,395,394,395,466,467,516,515,516,517,x,x,x,y,y,485,486,487,488,425,426,427,428,343,344,345,236,237,238,239,240,241,242,
1,2,3,4,5,6,7,8,9,10,11,12,13,14,15,16,17,18,19,20,21,22,23,24,25,26,27,28,29,30,31,32,33,34,35,36,37,48,47,48,49,50,51,52,53,54,55,56,57,58,59,60,61,62,103,102,101,100,99,98,99,100,101,102,103,104,107,106,109,108,109,110,111,112,113,114,115,116,117,118,119,120,121,122,123,126,127,128,129,130,131,132,133,134,135,136,137,138,139,166,165,166,167,168,169,170,171,172,173,174,175,176,177,178,179,180,181,182,183,184,185,186,187,188,189,190,191,192,193,194,195,196,299,298,299,394,393,394,465,466,467,514,515,516,517,x,y,y,y,y,y,488,489,490,427,428,429,430,345,346,347,238,239,240,241,242,243,
0,1,2,3,4,5,6,7,8,9,10,11,12,13,14,15,16,17,18,19,20,21,22,23,24,25,26,27,28,29,30,31,32,33,34,35,36,37,48,49,50,51,52,55,56,55,56,57,58,59,60,61,62,63,104,103,102,101,100,99,100,101,102,103,104,105,106,107,108,109,110,111,112,113,114,115,116,117,118,119,120,121,122,123,124,125,126,127,128,129,130,131,132,133,134,135,170,169,168,167,166,167,168,169,170,171,172,173,174,175,176,177,178,179,180,181,182,183,184,185,186,187,188,189,190,191,192,193,194,195,196,197,198,297,298,299,392,393,464,465,466,513,514,515,516,517,z,y,y,y,y,y,490,491,492,429,430,431,346,347,348,239,240,241,242,243,244,
1,2,3,4,5,6,7,8,9,10,11,12,13,14,15,16,17,18,19,20,21,22,23,24,25,26,27,28,29,30,31,32,33,34,35,36,37,38,39,50,51,52,53,54,55,56,57,58,59,60,61,62,107,106,105,104,103,102,101,100,101,102,103,104,105,84,85,86,109,110,111,112,113,114,115,116,117,118,119,120,121,122,123,124,125,126,127,128,129,130,131,132,133,134,135,136,137,138,139,168,167,168,169,170,171,172,173,174,175,176,177,178,179,180,181,182,183,184,185,186,187,188,189,190,191,192,193,194,195,196,197,198,199,296,297,298,391,392,463,464,465,512,513,514,515,516,517,y,y,y,y,492,491,492,493,430,431,432,347,348,349,240,241,242,243,244,245,
2,3,4,5,6,7,8,9,10,11,12,13,14,15,16,17,18,19,20,21,22,23,24,25,26,27,28,29,30,31,32,33,34,35,36,37,38,39,40,49,50,51,52,53,54,55,56,57,58,59,60,61,62,107,106,105,104,103,102,101,102,103,104,105,106,83,84,85,110,111,112,113,114,115,116,117,118,119,120,121,122,123,124,125,126,127,128,129,130,131,132,133,134,135,136,137,138,139,140,169,168,169,170,171,172,173,174,175,176,177,180,179,180,181,182,183,184,185,186,187,188,189,190,191,192,193,194,195,196,197,198,199,296,295,296,391,390,391,462,463,512,511,512,513,514,515,516,517,y,495,494,493,492,493,432,431,432,433,348,349,350,241,242,243,244,245,246,
3,4,5,6,7,8,9,10,11,12,13,14,15,16,17,18,19,20,21,22,23,24,25,26,27,28,29,30,31,32,35,34,37,36,37,38,45,46,47,48,49,50,51,52,53,54,55,56,57,58,59,60,109,108,107,106,105,104,103,102,103,104,105,82,81,82,83,84,85,86,87,114,115,116,117,118,119,120,121,122,123,124,125,126,127,128,129,130,131,132,133,134,135,136,137,138,139,140,141,142,143,144,171,172,173,174,175,176,177,182,181,180,181,182,183,184,185,186,187,188,189,190,191,192,193,194,195,196,197,198,199,200,295,294,295,390,389,462,461,462,511,510,509,514,515,516,517,y,497,496,495,494,435,434,433,432,433,350,349,350,243,242,243,244,245,246,247,
4,5,6,7,8,9,10,11,12,13,14,15,16,17,18,19,20,21,22,23,24,25,26,27,28,29,30,31,32,33,34,35,36,37,38,39,44,45,46,47,48,49,50,51,52,53,54,55,56,57,58,59,60,61,108,107,106,105,104,103,104,105,106,81,80,81,82,83,84,85,86,115,116,117,118,119,120,121,122,123,124,125,126,127,128,129,130,131,132,133,134,135,136,137,138,139,140,141,142,143,144,145,172,173,174,175,176,177,178,179,182,181,182,183,184,185,186,187,188,189,190,191,192,193,194,195,196,197,198,199,200,201,294,293,390,389,388,461,460,511,510,509,508,507,506,505,y,y,y,497,496,437,436,435,434,353,352,351,350,351,244,243,244,245,246,247,248,
5,6,7,8,9,10,11,12,13,14,15,16,17,18,19,20,21,22,23,24,25,26,27,28,29,30,31,32,33,34,35,36,37,38,39,42,43,44,45,46,47,48,49,50,51,52,53,54,55,56,57,58,59,60,61,108,107,106,105,104,105,106,107,108,79,80,81,82,83,118,117,116,117,118,119,120,121,126,123,124,125,126,127,128,129,130,131,132,133,134,135,136,137,138,139,140,141,142,143,144,175,174,173,174,175,176,177,178,179,180,181,182,183,184,185,186,187,188,189,190,191,192,193,194,195,196,197,198,199,200,201,202,293,292,389,388,387,460,459,458,509,508,507,506,505,504,y,500,499,498,439,438,437,436,355,354,353,352,351,246,245,244,245,246,247,248,249,
6,7,8,9,10,11,12,13,14,15,16,17,18,19,20,21,22,23,24,25,26,27,28,29,30,31,32,33,34,35,36,37,38,39,40,41,42,43,44,45,46,47,48,49,50,51,52,53,54,55,56,57,58,59,60,109,108,107,106,105,74,75,108,109,78,79,80,81,82,83,118,117,118,119,120,121,122,125,126,125,126,127,128,129,130,131,132,133,134,135,136,137,138,139,140,141,142,143,144,145,146,175,174,175,176,177,178,183,184,181,182,183,184,185,186,187,188,189,190,191,192,193,194,195,196,197,198,199,200,201,202,293,292,291,388,387,386,459,458,457,456,455,454,453,452,503,502,501,500,499,440,439,438,357,356,355,354,249,248,247,246,245,246,247,248,249,250,
7,8,9,10,11,12,13,14,15,16,17,18,19,20,21,22,23,24,25,26,27,28,29,30,31,32,33,34,35,36,37,38,39,40,41,42,43,44,45,46,47,48,49,50,51,52,53,54,55,56,57,58,59,60,61,110,109,108,107,72,73,74,109,110,77,78,79,80,81,82,119,118,119,120,121,122,123,124,125,126,127,128,129,130,131,132,133,134,135,136,137,138,139,140,141,142,143,144,145,146,147,176,175,176,177,178,179,182,183,184,185,184,185,186,187,188,189,190,191,192,193,194,195,196,197,198,199,200,201,202,203,292,291,290,387,386,385,384,457,456,455,454,453,452,451,450,503,502,501,500,441,440,359,358,357,356,251,250,249,248,247,246,247,248,249,250,251,
8,9,10,11,12,13,14,15,16,17,18,19,20,21,22,23,24,25,26,27,28,29,30,31,32,33,34,35,36,37,38,39,40,41,42,43,44,45,46,47,48,49,50,51,52,53,54,55,56,57,58,59,60,61,66,67,68,69,70,71,72,73,110,111,76,77,78,91,92,83,120,119,120,121,122,123,124,125,126,127,128,129,130,131,132,133,134,135,136,137,138,139,140,141,142,143,144,145,146,c,148,177,176,177,178,179,180,181,182,183,184,185,186,187,188,189,190,191,192,193,194,195,196,197,198,199,200,201,202,203,204,291,290,289,288,385,384,383,382,455,454,453,452,451,450,449,504,503,502,501,442,441,360,359,358,253,252,251,250,249,248,247,248,249,250,251,252,
9,10,11,12,13,14,15,16,17,18,19,20,21,22,23,24,25,26,27,28,29,30,31,32,33,34,35,36,37,38,39,40,41,42,43,44,45,46,47,48,49,50,51,52,53,54,55,56,57,58,59,60,61,62,65,66,67,68,69,70,71,72,73,74,75,88,89,90,85,84,85,86,87,122,123,124,125,126,127,128,129,130,131,132,133,134,135,136,137,138,139,140,141,142,143,144,145,146,147,c,c,152,177,178,179,180,181,182,183,184,185,186,187,188,189,190,191,192,193,194,197,196,197,198,199,200,201,202,203,204,205,214,289,288,287,384,383,382,381,380,379,378,377,376,449,448,447,446,445,444,443,442,361,360,359,254,253,252,251,250,249,248,249,250,251,252,253,
10,11,12,17,16,15,16,17,18,19,20,21,22,23,24,25,26,27,28,29,30,31,32,33,34,35,36,37,38,39,40,41,42,43,44,45,46,47,48,49,50,51,52,53,54,55,56,57,58,59,60,61,62,63,64,65,66,67,68,69,70,71,72,73,74,87,88,89,86,85,86,87,88,123,124,125,126,127,128,129,130,131,132,133,134,135,136,137,138,139,140,141,142,143,144,145,146,147,148,149,150,151,178,179,180,181,182,183,184,185,186,187,188,189,190,191,192,193,194,195,198,197,198,199,200,201,202,203,204,205,206,213,288,287,286,285,382,381,380,379,378,377,376,375,374,373,448,447,446,445,444,363,362,361,256,255,254,253,252,251,250,249,250,251,252,253,254,
11,12,13,16,17,16,17,18,19,20,21,22,23,24,25,26,27,28,29,30,31,32,33,34,35,36,37,38,39,40,41,42,43,44,45,46,47,48,51,50,51,52,53,54,55,56,57,58,59,60,61,62,63,64,65,66,67,68,69,70,71,72,73,74,85,86,87,88,87,86,87,88,89,90,125,126,127,128,129,130,131,132,133,134,135,136,137,138,139,140,141,142,143,144,145,146,147,148,149,150,151,152,179,180,181,182,183,184,185,186,187,188,189,190,191,204,203,202,201,200,199,198,199,200,201,202,203,204,205,206,207,212,213,286,285,284,283,282,281,280,279,278,375,374,373,372,371,448,447,446,365,364,363,362,257,256,255,252,253,252,251,250,253,252,253,254,255,
12,13,14,15,16,17,18,19,20,21,22,23,24,25,26,27,28,29,30,31,32,33,34,35,36,37,38,39,40,41,42,43,44,45,46,47,48,49,50,51,52,53,54,55,56,57,58,59,60,61,62,63,64,65,66,67,68,69,70,71,72,73,84,83,84,85,86,87,88,87,88,89,90,91,126,127,128,129,130,131,132,133,134,135,136,137,138,139,140,141,142,143,144,c,146,147,148,149,150,151,182,181,180,181,182,183,184,185,186,187,188,189,190,191,192,205,204,203,202,201,200,199,200,201,202,203,204,205,208,209,210,211,212,213,284,283,282,281,280,279,278,277,276,275,372,371,370,369,368,367,366,365,364,259,258,257,250,251,252,253,252,255,254,253,254,255,256,
13,14,15,16,17,18,19,20,21,22,23,24,25,26,27,28,29,30,31,32,35,34,35,36,37,38,39,40,41,42,43,44,45,46,47,48,49,50,51,52,53,54,55,56,57,58,59,60,61,62,63,64,65,66,67,68,69,70,71,72,73,74,75,82,83,84,85,86,87,88,89,90,91,92,127,128,129,130,131,132,133,136,137,136,137,138,139,140,141,142,143,144,145,c,147,148,149,150,151,152,183,182,181,182,183,184,185,186,187,188,189,190,191,192,207,206,205,204,203,202,201,200,201,202,203,204,205,206,207,208,209,210,211,212,213,214,215,280,279,278,277,276,275,274,273,272,371,370,369,368,367,366,261,260,259,258,249,250,251,252,253,254,255,254,255,256,257,
14,15,16,17,18,19,20,21,22,23,24,25,26,27,28,29,30,31,32,33,34,35,36,37,38,39,40,41,42,43,44,45,46,47,48,57,56,55,54,53,54,55,56,57,58,59,60,61,62,63,64,65,66,67,68,69,70,71,74,75,74,75,76,81,82,83,84,85,86,87,88,89,90,129,128,129,130,131,132,133,134,135,136,137,138,139,140,141,142,143,144,145,146,c,148,149,150,151,152,153,184,183,182,183,184,185,186,187,188,189,190,191,192,193,194,195,196,205,204,203,202,201,202,203,204,205,206,207,208,209,210,211,212,213,214,215,216,217,218,219,220,221,274,273,272,271,270,371,370,369,368,263,262,261,260,247,248,249,250,251,252,253,254,255,256,257,258,
15,16,17,18,19,20,21,22,23,24,25,26,27,28,29,30,31,32,33,34,35,36,37,38,39,40,41,42,43,44,45,46,47,60,59,58,57,56,55,54,55,56,57,58,59,60,61,62,63,64,67,66,67,68,69,70,71,72,73,74,75,76,77,80,81,82,83,84,85,86,87,88,89,90,129,130,131,96,97,134,135,136,137,138,139,140,141,142,143,144,145,146,147,148,149,150,151,152,153,154,155,184,183,184,185,186,187,188,189,190,191,192,193,194,195,196,205,206,205,204,203,202,203,204,205,206,207,208,209,210,211,212,213,214,215,216,217,218,219,220,221,222,223,224,271,270,269,268,267,266,265,264,263,262,261,246,247,248,249,250,251,252,253,254,255,256,257,
16,17,18,19,20,21,22,23,24,25,26,27,28,29,30,31,32,33,34,35,36,37,38,39,40,41,42,43,c,45,46,47,48,49,60,59,58,57,56,55,56,57,58,59,60,61,62,63,64,65,66,67,68,69,70,71,72,73,74,75,76,77,78,79,80,81,82,83,84,85,86,87,88,89,130,93,94,95,96,135,136,137,138,139,140,141,142,143,144,145,146,147,148,149,150,193,192,191,190,155,186,185,184,185,186,187,188,189,190,191,192,193,194,195,196,203,204,205,206,205,204,203,204,205,206,207,208,209,210,211,212,213,214,215,216,217,218,219,220,221,222,223,224,225,226,271,270,269,268,267,266,265,264,243,244,245,246,247,248,249,250,251,252,253,254,255,256,
17,18,19,20,21,22,23,24,25,26,27,28,29,30,31,32,33,34,35,36,37,38,39,40,41,42,43,44,45,46,47,48,49,50,61,60,59,58,57,56,57,58,59,60,61,62,63,64,65,66,67,68,69,70,71,72,73,74,75,76,77,78,79,80,81,82,83,84,85,86,87,88,89,90,91,92,93,94,95,136,137,138,139,140,141,142,143,144,145,146,147,152,149,150,c,154,155,156,189,188,187,186,185,186,187,188,189,190,191,192,193,194,197,196,197,202,203,204,205,206,205,204,205,206,207,208,209,210,211,212,213,214,215,216,217,218,219,220,221,222,223,224,225,226,227,228,235,236,269,268,267,266,241,242,243,244,245,246,247,248,249,250,251,252,253,254,255,
18,19,20,21,22,23,24,25,26,27,28,29,30,31,32,33,34,35,36,37,38,39,40,41,42,43,44,45,46,47,48,49,64,63,62,61,60,59,58,57,58,59,60,61,62,63,64,65,68,69,70,69,70,71,72,73,74,75,76,77,78,79,80,81,82,83,84,85,86,87,88,89,90,91,92,93,94,95,138,137,138,139,140,141,142,143,144,145,146,147,148,151,150,151,152,153,154,155,190,189,188,187,186,187,188,189,190,191,192,193,194,195,196,197,198,201,202,203,204,205,206,205,206,207,208,209,210,211,212,213,214,215,216,217,218,219,220,221,222,223,224,225,226,227,228,229,234,235,236,237,238,239,240,241,242,243,244,245,246,247,248,249,250,251,254,253,254,
19,20,21,22,23,24,25,26,27,28,29,30,33,32,33,34,35,36,37,38,39,40,41,42,43,44,45,46,47,48,49,50,51,64,63,62,61,60,59,58,59,60,61,62,63,64,65,66,67,68,69,70,71,72,73,74,75,76,77,78,79,80,81,82,83,84,85,86,87,88,89,90,91,92,93,94,95,96,139,138,139,140,141,142,143,144,145,146,147,148,149,150,151,152,153,154,155,156,191,190,189,188,187,188,189,190,191,192,193,194,195,196,197,198,199,200,201,202,203,204,205,206,207,208,209,210,211,212,213,214,215,216,217,218,221,220,221,222,223,224,225,226,227,228,229,230,233,234,235,236,237,238,239,240,241,242,243,244,245,246,247,248,249,250,251,252,253,
20,21,22,23,24,25,c,27,28,29,30,31,32,33,34,35,36,37,38,39,40,41,42,43,44,45,46,47,48,49,c,51,52,65,64,63,62,61,60,59,60,61,62,63,64,65,66,67,68,69,70,71,72,73,74,75,76,77,78,79,80,81,82,83,84,85,86,87,88,89,90,91,92,93,94,95,96,97,140,139,140,141,142,143,144,145,146,147,148,149,150,151,152,153,154,155,156,157,158,191,190,189,188,189,190,191,192,193,194,195,196,197,198,199,200,201,202,203,204,205,206,207,208,209,210,211,212,213,214,215,216,217,218,219,222,221,222,223,224,225,226,227,228,229,230,231,232,233,234,235,236,237,238,239,240,241,242,243,244,245,246,247,248,249,250,251,252,
